{
    "version": "2.0.0",
    "tasks": [
        {
            "label": "build",
            "type": "shell",
            "command": "gcc", //写c++换成g++
            "args": [
                "${fileDirname}\\*.c", //写c++把 *.c 换成 *.cpp
                "-o",
                "${fileDirname}\\${fileBasenameNoExtension}.exe",//在文件所在目录下生成原文件名称的可执行文件
                "-g",
                //"-Wall", 
                //"-static-libgcc",   
                "-fexec-charset=GBK",
                "-std=c11",  //写c++换成c++标准
            ],
            "group": {
                "kind": "build",
                "isDefault": true
            },
            "presentation": {
                "echo": true,
                "reveal": "always",
                "focus": false,
                "panel": "new"
            },
            "problemMatcher": "$gcc"
        },
        {
            "label": "run",
            "type": "shell",
            "dependsOn": "build",
            "command": "${fileDirname}\\${fileBasenameNoExtension}.exe",
            "group": {
                "kind": "test",
                "isDefault": true
            },
            "presentation": {
                "echo": true,
                "reveal": "always",
                "focus": true,
                "panel": "new"
            }
        }

    ]
}